{"mean":{"confidence_interval":{"confidence_level":0.95,"lower_bound":2847472.3777777785,"upper_bound":2868557.661111111},"point_estimate":2857115.944444444,"standard_error":5414.92112960123},"median":{"confidence_interval":{"confidence_level":0.95,"lower_bound":2837627.777777778,"upper_bound":2851341.666666667},"point_estimate":2844800.0,"standard_error":3578.738066535721},"median_abs_dev":{"confidence_interval":{"confidence_level":0.95,"lower_bound":16366.256376107687,"upper_bound":28189.99116619409},"point_estimate":21917.76961088169,"standard_error":2989.073959271872},"slope":null,"std_dev":{"confidence_interval":{"confidence_level":0.95,"lower_bound":31539.257326182338,"upper_bound":73698.07265241588},"point_estimate":54170.54704599289,"standard_error":10885.654559016535}}