{"mean":{"confidence_interval":{"confidence_level":0.95,"lower_bound":2918582.039705884,"upper_bound":2948738.980882352},"point_estimate":2931522.7647058815,"standard_error":7845.195600386194},"median":{"confidence_interval":{"confidence_level":0.95,"lower_bound":2909600.0,"upper_bound":2920700.0},"point_estimate":2913238.2352941176,"standard_error":2348.7281990052857},"median_abs_dev":{"confidence_interval":{"confidence_level":0.95,"lower_bound":11873.881553902407,"upper_bound":24414.93309596018},"point_estimate":16866.754994672727,"standard_error":3549.4507694674826},"slope":null,"std_dev":{"confidence_interval":{"confidence_level":0.95,"lower_bound":23698.08628737102,"upper_bound":120080.56845840011},"point_estimate":78901.92401585613,"standard_error":25854.696622605738}}