{"mean":{"confidence_interval":{"confidence_level":0.95,"lower_bound":5898776.530555553,"upper_bound":5954536.908333332},"point_estimate":5924326.333333334,"standard_error":14251.009616024188},"median":{"confidence_interval":{"confidence_level":0.95,"lower_bound":5870288.888888889,"upper_bound":5917033.333333333},"point_estimate":5902383.333333333,"standard_error":13087.878485638734},"median_abs_dev":{"confidence_interval":{"confidence_level":0.95,"lower_bound":53488.706467051285,"upper_bound":78025.94194809627},"point_estimate":61560.845573742874,"standard_error":6158.7049700546795},"slope":null,"std_dev":{"confidence_interval":{"confidence_level":0.95,"lower_bound":79379.10779156303,"upper_bound":195215.81546438124},"point_estimate":143149.19965686774,"standard_error":29414.96491287144}}