{"mean":{"confidence_interval":{"confidence_level":0.95,"lower_bound":26078951.475,"upper_bound":26214981.075},"point_estimate":26145082.0,"standard_error":34647.289786304274},"median":{"confidence_interval":{"confidence_level":0.95,"lower_bound":25986925.0,"upper_bound":26172450.0},"point_estimate":26101025.0,"standard_error":47122.69456711594},"median_abs_dev":{"confidence_interval":{"confidence_level":0.95,"lower_bound":245259.10064578056,"upper_bound":410087.1527194977},"point_estimate":342591.7889177799,"standard_error":43373.05661539996},"slope":null,"std_dev":{"confidence_interval":{"confidence_level":0.95,"lower_bound":278125.2162932897,"upper_bound":417468.1622383282},"point_estimate":348558.7556458362,"standard_error":35734.89030420856}}