{"mean":{"confidence_interval":{"confidence_level":0.95,"lower_bound":54138.909356514436,"upper_bound":56381.95348923995},"point_estimate":55074.331689894534,"standard_error":582.7044745377973},"median":{"confidence_interval":{"confidence_level":0.95,"lower_bound":53283.571790052054,"upper_bound":53533.37831758884},"point_estimate":53419.23134106453,"standard_error":66.1601564889279},"median_abs_dev":{"confidence_interval":{"confidence_level":0.95,"lower_bound":470.70680797373177,"upper_bound":1028.2183703523096},"point_estimate":736.8600397323919,"standard_error":143.6694440143014},"slope":{"confidence_interval":{"confidence_level":0.95,"lower_bound":53868.4781414835,"upper_bound":55331.60155335068},"point_estimate":54485.11329750414,"standard_error":375.76603921691014},"std_dev":{"confidence_interval":{"confidence_level":0.95,"lower_bound":2200.3447386240555,"upper_bound":9236.00855358343},"point_estimate":5845.166315578751,"standard_error":2145.6426254743333}}