{"mean":{"confidence_interval":{"confidence_level":0.95,"lower_bound":11413545.74,"upper_bound":11506767.285},"point_estimate":11455884.4,"standard_error":23877.006933835954},"median":{"confidence_interval":{"confidence_level":0.95,"lower_bound":11373920.0,"upper_bound":11411460.0},"point_estimate":11391650.0,"standard_error":9320.568679738628},"median_abs_dev":{"confidence_interval":{"confidence_level":0.95,"lower_bound":70275.23875236511,"upper_bound":111759.1273158787},"point_estimate":90097.60040044785,"standard_error":10441.273443991953},"slope":null,"std_dev":{"confidence_interval":{"confidence_level":0.95,"lower_bound":135847.52416739723,"upper_bound":324962.33123072266},"point_estimate":238979.25077218818,"standard_error":48292.678455266425}}