{"mean":{"confidence_interval":{"confidence_level":0.95,"lower_bound":12534062.8375,"upper_bound":12679104.05},"point_estimate":12603042.75,"standard_error":37100.539538894234},"median":{"confidence_interval":{"confidence_level":0.95,"lower_bound":12493875.0,"upper_bound":12562675.0},"point_estimate":12530562.5,"standard_error":20259.638521633304},"median_abs_dev":{"confidence_interval":{"confidence_level":0.95,"lower_bound":131543.6826646328,"upper_bound":284566.53244793415},"point_estimate":219498.92610311508,"standard_error":41007.95641344423},"slope":null,"std_dev":{"confidence_interval":{"confidence_level":0.95,"lower_bound":263021.76925892546,"upper_bound":467654.3461964346},"point_estimate":373437.2313877568,"standard_error":52310.340676614884}}