{"mean":{"confidence_interval":{"confidence_level":0.95,"lower_bound":45030200.375,"upper_bound":45322857.5625},"point_estimate":45165215.5,"standard_error":75031.11764369353},"median":{"confidence_interval":{"confidence_level":0.95,"lower_bound":44947450.0,"upper_bound":45107100.0},"point_estimate":45016175.0,"standard_error":38326.30569757127},"median_abs_dev":{"confidence_interval":{"confidence_level":0.95,"lower_bound":243813.56567144394,"upper_bound":473468.30159425735},"point_estimate":338811.1589848995,"standard_error":58524.75426129213},"slope":null,"std_dev":{"confidence_interval":{"confidence_level":0.95,"lower_bound":454072.5404199218,"upper_bound":1005903.0642762958},"point_estimate":753520.2883695939,"standard_error":139978.21343720108}}