{"mean":{"confidence_interval":{"confidence_level":0.95,"lower_bound":717900488.375,"upper_bound":722697554.55},"point_estimate":719985369.0,"standard_error":1238734.7732176785},"median":{"confidence_interval":{"confidence_level":0.95,"lower_bound":716705300.0,"upper_bound":718527150.0},"point_estimate":717663750.0,"standard_error":418998.5098137139},"median_abs_dev":{"confidence_interval":{"confidence_level":0.95,"lower_bound":2683802.4723529816,"upper_bound":4082932.067513466},"point_estimate":3514354.977607727,"standard_error":362866.8127317912},"slope":null,"std_dev":{"confidence_interval":{"confidence_level":0.95,"lower_bound":3443118.377494941,"upper_bound":18691002.8131438},"point_estimate":12444051.223085135,"standard_error":3747418.60524005}}