{"mean":{"confidence_interval":{"confidence_level":0.95,"lower_bound":178065361.55,"upper_bound":178752326.55},"point_estimate":178391771.0,"standard_error":174857.8437797904},"median":{"confidence_interval":{"confidence_level":0.95,"lower_bound":177678700.0,"upper_bound":178123600.0},"point_estimate":177983550.0,"standard_error":110800.5970886743},"median_abs_dev":{"confidence_interval":{"confidence_level":0.95,"lower_bound":899864.0540242195,"upper_bound":1630415.1910543442},"point_estimate":1293716.7370319366,"standard_error":185697.89003801448},"slope":null,"std_dev":{"confidence_interval":{"confidence_level":0.95,"lower_bound":1314500.588929642,"upper_bound":2217593.1484383387},"point_estimate":1750071.4122396216,"standard_error":237101.3313964202}}