{"mean":{"confidence_interval":{"confidence_level":0.95,"lower_bound":2853804257.7,"upper_bound":2859906367.475},"point_estimate":2856632789.0,"standard_error":1565796.5074419153},"median":{"confidence_interval":{"confidence_level":0.95,"lower_bound":2851868600.0,"upper_bound":2855947500.0},"point_estimate":2853829550.0,"standard_error":1074006.0225878693},"median_abs_dev":{"confidence_interval":{"confidence_level":0.95,"lower_bound":7064440.614581108,"upper_bound":11415871.537327766},"point_estimate":9567440.020143986,"standard_error":1119135.8253278176},"slope":null,"std_dev":{"confidence_interval":{"confidence_level":0.95,"lower_bound":10260615.28902804,"upper_bound":21197985.0658509},"point_estimate":15732910.152172787,"standard_error":2874485.01994389}}